keep(y/n),rank,name,category,fit_score,address,phone,website,verify_on_map
,1,"C & S Coffeehouse","Coffee / Café",100,"412 South 40th Ave, Yakima","+1-509-972-4380","candscoffeehouse.com/","https://www.google.com/maps/search/?api=1&query=C%20%26%20S%20Coffeehouse%20Yakima%20WA"
,2,"Yakima Coffee Company","Coffee / Café",100,"3706 Tieton Drive, Yakima","+1-509-452-3004","","https://www.google.com/maps/search/?api=1&query=Yakima%20Coffee%20Company%20Yakima%20WA"
,3,"& Tea","Coffee / Café",100,"","","","https://www.google.com/maps/search/?api=1&query=%26%20Tea%20Yakima%20WA"
,4,"40th Ave Espresso","Coffee / Café",100,"","","","https://www.google.com/maps/search/?api=1&query=40th%20Ave%20Espresso%20Yakima%20WA"
,5,"Buzzin' Bees Coffee","Coffee / Café",100,"","","","https://www.google.com/maps/search/?api=1&query=Buzzin'%20Bees%20Coffee%20Yakima%20WA"
,6,"Caffé Capri Italian Espresso & Bistro","Coffee / Café",100,"","","","https://www.google.com/maps/search/?api=1&query=Caff%C3%A9%20Capri%20Italian%20Espresso%20%26%20Bistro%20Yakima%20WA"
,7,"Cheers","Coffee / Café",100,"Summitview Avenue, Yakima","","","https://www.google.com/maps/search/?api=1&query=Cheers%20Yakima%20WA"
,8,"Coffee Cravings","Coffee / Café",100,"","","","https://www.google.com/maps/search/?api=1&query=Coffee%20Cravings%20Yakima%20WA"
,9,"Collaboration Coffee","Coffee / Café",100,"18 South 1st Street, Yakima","","","https://www.google.com/maps/search/?api=1&query=Collaboration%20Coffee%20Yakima%20WA"
,10,"Crave Coffee","Coffee / Café",100,"","","","https://www.google.com/maps/search/?api=1&query=Crave%20Coffee%20Yakima%20WA"
,11,"Cruisin' Coffee","Coffee / Café",100,"","","","https://www.google.com/maps/search/?api=1&query=Cruisin'%20Coffee%20Yakima%20WA"
,12,"Dreamgirls Espresso","Coffee / Café",100,"1323 South 8th Street, Yakima","","","https://www.google.com/maps/search/?api=1&query=Dreamgirls%20Espresso%20Yakima%20WA"
,13,"Espresso","Coffee / Café",100,"","","","https://www.google.com/maps/search/?api=1&query=Espresso%20Yakima%20WA"
,14,"High Country Coffee Co.","Coffee / Café",100,"","","","https://www.google.com/maps/search/?api=1&query=High%20Country%20Coffee%20Co.%20Yakima%20WA"
,15,"Hot T Espresso","Coffee / Café",100,"","","","https://www.google.com/maps/search/?api=1&query=Hot%20T%20Espresso%20Yakima%20WA"
,16,"Java Heaven","Coffee / Café",100,"","","","https://www.google.com/maps/search/?api=1&query=Java%20Heaven%20Yakima%20WA"
,17,"Jay Day Cafe & Boba","Coffee / Café",100,"","","","https://www.google.com/maps/search/?api=1&query=Jay%20Day%20Cafe%20%26%20Boba%20Yakima%20WA"
,18,"Lincoln Avenue Espresso Bar","Coffee / Café",100,"","","","https://www.google.com/maps/search/?api=1&query=Lincoln%20Avenue%20Espresso%20Bar%20Yakima%20WA"
,19,"Mac Daddies Coffee Shop","Coffee / Café",100,"","","","https://www.google.com/maps/search/?api=1&query=Mac%20Daddies%20Coffee%20Shop%20Yakima%20WA"
,20,"Mak Daddy","Coffee / Café",100,"","","","https://www.google.com/maps/search/?api=1&query=Mak%20Daddy%20Yakima%20WA"
,21,"Manhattan Station Espresso","Coffee / Café",100,"","","","https://www.google.com/maps/search/?api=1&query=Manhattan%20Station%20Espresso%20Yakima%20WA"
,22,"Mocha Tree Espresso","Coffee / Café",100,"","","","https://www.google.com/maps/search/?api=1&query=Mocha%20Tree%20Espresso%20Yakima%20WA"
,23,"Moulin Brew","Coffee / Café",100,"","","","https://www.google.com/maps/search/?api=1&query=Moulin%20Brew%20Yakima%20WA"
,24,"Newsroom","Coffee / Café",100,"","","","https://www.google.com/maps/search/?api=1&query=Newsroom%20Yakima%20WA"
,25,"North Town","Coffee / Café",100,"","","","https://www.google.com/maps/search/?api=1&query=North%20Town%20Yakima%20WA"
,26,"Outback Coffee Shop","Coffee / Café",100,"","","","https://www.google.com/maps/search/?api=1&query=Outback%20Coffee%20Shop%20Yakima%20WA"
,27,"River Canyon Espresso and Frozen Yogurt","Coffee / Café",100,"","","","https://www.google.com/maps/search/?api=1&query=River%20Canyon%20Espresso%20and%20Frozen%20Yogurt%20Yakima%20WA"
,28,"Sip On 1st","Coffee / Café",100,"","","","https://www.google.com/maps/search/?api=1&query=Sip%20On%201st%20Yakima%20WA"
,29,"Sundance Espresso","Coffee / Café",100,"","","","https://www.google.com/maps/search/?api=1&query=Sundance%20Espresso%20Yakima%20WA"
,30,"Waffles Caffe","Coffee / Café",100,"North 1st Street","","","https://www.google.com/maps/search/?api=1&query=Waffles%20Caffe%20Yakima%20WA"
,31,"Wake Up Call Coffee Co.","Coffee / Café",100,"","","","https://www.google.com/maps/search/?api=1&query=Wake%20Up%20Call%20Coffee%20Co.%20Yakima%20WA"
,32,"Yogurt Shack","Coffee / Café",100,"140 South 72nd Avenue, Yakima","","","https://www.google.com/maps/search/?api=1&query=Yogurt%20Shack%20Yakima%20WA"
,33,"YTC All American Brew","Coffee / Café",100,"","","","https://www.google.com/maps/search/?api=1&query=YTC%20All%20American%20Brew%20Yakima%20WA"
,34,"Bale Breaker Brewing Company","Brewery",98,"Yakima, WA","","balebreaker.com","https://www.google.com/maps/search/?api=1&query=Bale%20Breaker%20Brewing%20Company%20Yakima%20WA"
,35,"Single Hill Brewing","Brewery",98,"Yakima, WA","","singlehillbrewing.com","https://www.google.com/maps/search/?api=1&query=Single%20Hill%20Brewing%20Yakima%20WA"
,36,"5th Line Brewery Co","Brewery",98,"Yakima, WA","","","https://www.google.com/maps/search/?api=1&query=5th%20Line%20Brewery%20Co%20Yakima%20WA"
,37,"Berchman's Brewing Company","Brewery",98,"Yakima, WA","","","https://www.google.com/maps/search/?api=1&query=Berchman's%20Brewing%20Company%20Yakima%20WA"
,38,"Cowiche Creek Brewing","Brewery",98,"Yakima, WA","","","https://www.google.com/maps/search/?api=1&query=Cowiche%20Creek%20Brewing%20Yakima%20WA"
,39,"Outskirts Brewing","Brewery",98,"707 Test Drive Lane, Selah","","","https://www.google.com/maps/search/?api=1&query=Outskirts%20Brewing%20Yakima%20WA"
,40,"Reddefer Brewing Company","Brewery",98,"South 2nd Street, Yakima","","","https://www.google.com/maps/search/?api=1&query=Reddefer%20Brewing%20Company%20Yakima%20WA"
,41,"Shorthead Brewing","Brewery",98,"Yakima, WA","","","https://www.google.com/maps/search/?api=1&query=Shorthead%20Brewing%20Yakima%20WA"
,42,"The Kiln","Brewery",98,"Yakima, WA","","","https://www.google.com/maps/search/?api=1&query=The%20Kiln%20Yakima%20WA"
,43,"Valley Brewing Company","Brewery",98,"Yakima, WA","","","https://www.google.com/maps/search/?api=1&query=Valley%20Brewing%20Company%20Yakima%20WA"
,44,"Wandering Hop Brewery","Brewery",98,"Yakima, WA","","","https://www.google.com/maps/search/?api=1&query=Wandering%20Hop%20Brewery%20Yakima%20WA"
,45,"Yakima Craft Brewing Company","Brewery",98,"Yakima, WA","","","https://www.google.com/maps/search/?api=1&query=Yakima%20Craft%20Brewing%20Company%20Yakima%20WA"
,46,"AntoLin Cellars","Winery / Wine",95,"Yakima, WA","","antolincellars.com","https://www.google.com/maps/search/?api=1&query=AntoLin%20Cellars%20Yakima%20WA"
,47,"Apple Valley Emporium","Winery / Wine",95,"204 N 6th Ave, Yakima","+1-509-902-1097","","https://www.google.com/maps/search/?api=1&query=Apple%20Valley%20Emporium%20Yakima%20WA"
,48,"Gilbert Cellars","Winery / Wine",95,"Yakima, WA","","gilbertcellars.com","https://www.google.com/maps/search/?api=1&query=Gilbert%20Cellars%20Yakima%20WA"
,49,"Kana Winery","Winery / Wine",95,"10 South 2nd Street","+1-509-453-6611","kanawinery.com","https://www.google.com/maps/search/?api=1&query=Kana%20Winery%20Yakima%20WA"
,50,"Treveri Cellars","Winery / Wine",95,"","","","https://www.google.com/maps/search/?api=1&query=Treveri%20Cellars%20Yakima%20WA"
,51,"Wilridge Vineyard, Winery & Distillery","Winery / Wine",95,"","","","https://www.google.com/maps/search/?api=1&query=Wilridge%20Vineyard%2C%20Winery%20%26%20Distillery%20Yakima%20WA"
,52,"Essencia","Bakery / Dessert",92,"4 North 3rd Street, Yakima","+1-509-575-5570","","https://www.google.com/maps/search/?api=1&query=Essencia%20Yakima%20WA"
,53,"Glaciers Frozen Yogurt","Bakery / Dessert",92,"","+1-509-452-0506","","https://www.google.com/maps/search/?api=1&query=Glaciers%20Frozen%20Yogurt%20Yakima%20WA"
,54,"Blossom Cups and Cakes","Bakery / Dessert",92,"","","","https://www.google.com/maps/search/?api=1&query=Blossom%20Cups%20and%20Cakes%20Yakima%20WA"
,55,"Crumbl Cookies","Bakery / Dessert",92,"","","","https://www.google.com/maps/search/?api=1&query=Crumbl%20Cookies%20Yakima%20WA"
,56,"Espiga De Oro","Bakery / Dessert",92,"803 West Nob Hill Boulevard, Yakima","","","https://www.google.com/maps/search/?api=1&query=Espiga%20De%20Oro%20Yakima%20WA"
,57,"Panadería El Solecito","Bakery / Dessert",92,"","","","https://www.google.com/maps/search/?api=1&query=Panader%C3%ADa%20El%20Solecito%20Yakima%20WA"
,58,"The Bake Shop","Bakery / Dessert",92,"","","","https://www.google.com/maps/search/?api=1&query=The%20Bake%20Shop%20Yakima%20WA"
,59,"Crafted","Restaurant",88,"22 North 1st Street, Yakima","+1-509-426-2220","www.craftedyakima.com","https://www.google.com/maps/search/?api=1&query=Crafted%20Yakima%20WA"
,60,"Famous Burger And Teriyaki Sandwich","Restaurant",88,"401 West Lincoln Avenue, Yakima","+1 509-853-3222","","https://www.google.com/maps/search/?api=1&query=Famous%20Burger%20And%20Teriyaki%20Sandwich%20Yakima%20WA"
,61,"Los Hernandez","Restaurant",88,"3706 Main Street","+1-509-457-6003","","https://www.google.com/maps/search/?api=1&query=Los%20Hernandez%20Yakima%20WA"
,62,"Shari's","Restaurant",88,"1401 Lakeside Court, Yakima","+1-509-494-0646","www.sharis.com/","https://www.google.com/maps/search/?api=1&query=Shari's%20Yakima%20WA"
,63,"The Spice","Restaurant",88,"1510 Summitview Avenue, Yakima","+1-509-823-4397","www.thespiceyakima.com/","https://www.google.com/maps/search/?api=1&query=The%20Spice%20Yakima%20WA"
,64,"Abby's","Restaurant",88,"","","","https://www.google.com/maps/search/?api=1&query=Abby's%20Yakima%20WA"
,65,"Anita's Sabor Latina Restaurant","Restaurant",88,"130 East Naches Avenue, Selah","","","https://www.google.com/maps/search/?api=1&query=Anita's%20Sabor%20Latina%20Restaurant%20Yakima%20WA"
,66,"Ariel's","Restaurant",88,"","","","https://www.google.com/maps/search/?api=1&query=Ariel's%20Yakima%20WA"
,67,"Arty's Bar and Grill","Restaurant",88,"","","","https://www.google.com/maps/search/?api=1&query=Arty's%20Bar%20and%20Grill%20Yakima%20WA"
,68,"Backwoods Cafe","Restaurant",88,"","","","https://www.google.com/maps/search/?api=1&query=Backwoods%20Cafe%20Yakima%20WA"
,69,"Bob's Burgers & Brew","Restaurant",88,"","","","https://www.google.com/maps/search/?api=1&query=Bob's%20Burgers%20%26%20Brew%20Yakima%20WA"
,70,"Bruchi's","Restaurant",88,"","","","https://www.google.com/maps/search/?api=1&query=Bruchi's%20Yakima%20WA"
,71,"Burger Ranch of Selah","Restaurant",88,"9 South 1st Street, Selah","","","https://www.google.com/maps/search/?api=1&query=Burger%20Ranch%20of%20Selah%20Yakima%20WA"
,72,"Captain Crab & Ramen","Restaurant",88,"","","","https://www.google.com/maps/search/?api=1&query=Captain%20Crab%20%26%20Ramen%20Yakima%20WA"
,73,"Carnitas Supreme #2","Restaurant",88,"","","","https://www.google.com/maps/search/?api=1&query=Carnitas%20Supreme%20%232%20Yakima%20WA"
,74,"Casa Vittore","Restaurant",88,"","","","https://www.google.com/maps/search/?api=1&query=Casa%20Vittore%20Yakima%20WA"
,75,"Centro Botanero El Parian","Restaurant",88,"","","","https://www.google.com/maps/search/?api=1&query=Centro%20Botanero%20El%20Parian%20Yakima%20WA"
,76,"Chinese Gourmet Garden","Restaurant",88,"106 North 1st Street, Selah","","","https://www.google.com/maps/search/?api=1&query=Chinese%20Gourmet%20Garden%20Yakima%20WA"
,77,"Cowiche Canyon Kitchen","Restaurant",88,"","","","https://www.google.com/maps/search/?api=1&query=Cowiche%20Canyon%20Kitchen%20Yakima%20WA"
,78,"Daniel's Kitchen","Restaurant",88,"204 East Naches Avenue, Selah","","","https://www.google.com/maps/search/?api=1&query=Daniel's%20Kitchen%20Yakima%20WA"
,79,"Dickey's Barbecue Pit","Restaurant",88,"","","","https://www.google.com/maps/search/?api=1&query=Dickey's%20Barbecue%20Pit%20Yakima%20WA"
,80,"El Antojo","Restaurant",88,"","","","https://www.google.com/maps/search/?api=1&query=El%20Antojo%20Yakima%20WA"
,81,"El Asadero","Restaurant",88,"","","","https://www.google.com/maps/search/?api=1&query=El%20Asadero%20Yakima%20WA"
,82,"El Caporal","Restaurant",88,"","","","https://www.google.com/maps/search/?api=1&query=El%20Caporal%20Yakima%20WA"
,83,"El Faro","Restaurant",88,"","","","https://www.google.com/maps/search/?api=1&query=El%20Faro%20Yakima%20WA"
,84,"El Mirador","Restaurant",88,"","","","https://www.google.com/maps/search/?api=1&query=El%20Mirador%20Yakima%20WA"
,85,"El Pique","Restaurant",88,"","","","https://www.google.com/maps/search/?api=1&query=El%20Pique%20Yakima%20WA"
,86,"El Portón","Restaurant",88,"","","","https://www.google.com/maps/search/?api=1&query=El%20Port%C3%B3n%20Yakima%20WA"
,87,"El Rancho de las Vacas","Restaurant",88,"","","","https://www.google.com/maps/search/?api=1&query=El%20Rancho%20de%20las%20Vacas%20Yakima%20WA"
,88,"Famous Dave's","Restaurant",88,"","","","https://www.google.com/maps/search/?api=1&query=Famous%20Dave's%20Yakima%20WA"
,89,"Fondito El Habanero","Restaurant",88,"","","","https://www.google.com/maps/search/?api=1&query=Fondito%20El%20Habanero%20Yakima%20WA"
,90,"Fuji","Restaurant",88,"","","","https://www.google.com/maps/search/?api=1&query=Fuji%20Yakima%20WA"
,91,"Gearjammer Restaurant","Restaurant",88,"","","","https://www.google.com/maps/search/?api=1&query=Gearjammer%20Restaurant%20Yakima%20WA"
,92,"George's Wok & Grill","Restaurant",88,"","","","https://www.google.com/maps/search/?api=1&query=George's%20Wok%20%26%20Grill%20Yakima%20WA"
,93,"Golden Wheel","Restaurant",88,"","","","https://www.google.com/maps/search/?api=1&query=Golden%20Wheel%20Yakima%20WA"
,94,"Greet Indian Restaurant","Restaurant",88,"","","","https://www.google.com/maps/search/?api=1&query=Greet%20Indian%20Restaurant%20Yakima%20WA"
,95,"Gus's Pizza","Restaurant",88,"","","","https://www.google.com/maps/search/?api=1&query=Gus's%20Pizza%20Yakima%20WA"
,96,"Gyros House","Restaurant",88,"","","","https://www.google.com/maps/search/?api=1&query=Gyros%20House%20Yakima%20WA"
,97,"J's Asian Flaming Grill","Restaurant",88,"","","","https://www.google.com/maps/search/?api=1&query=J's%20Asian%20Flaming%20Grill%20Yakima%20WA"
,98,"Jacksons Restaurant & Sports Lounge","Restaurant",88,"","","","https://www.google.com/maps/search/?api=1&query=Jacksons%20Restaurant%20%26%20Sports%20Lounge%20Yakima%20WA"
,99,"Jean's Cottage Inn","Restaurant",88,"","","","https://www.google.com/maps/search/?api=1&query=Jean's%20Cottage%20Inn%20Yakima%20WA"
,100,"Jessie's Sushi & Teriyaki","Restaurant",88,"","","","https://www.google.com/maps/search/?api=1&query=Jessie's%20Sushi%20%26%20Teriyaki%20Yakima%20WA"
,101,"Kobe Sushi Teriyaki","Restaurant",88,"","","","https://www.google.com/maps/search/?api=1&query=Kobe%20Sushi%20Teriyaki%20Yakima%20WA"
,102,"Kyoto Sushi and Steak House","Restaurant",88,"","","","https://www.google.com/maps/search/?api=1&query=Kyoto%20Sushi%20and%20Steak%20House%20Yakima%20WA"
,103,"La Michoacana","Restaurant",88,"","","","https://www.google.com/maps/search/?api=1&query=La%20Michoacana%20Yakima%20WA"
,104,"La Michocana","Restaurant",88,"","","","https://www.google.com/maps/search/?api=1&query=La%20Michocana%20Yakima%20WA"
,105,"La Petunia II","Restaurant",88,"","","","https://www.google.com/maps/search/?api=1&query=La%20Petunia%20II%20Yakima%20WA"
,106,"Last Frontier","Restaurant",88,"","","","https://www.google.com/maps/search/?api=1&query=Last%20Frontier%20Yakima%20WA"
,107,"Magic's Pizza","Restaurant",88,"","","","https://www.google.com/maps/search/?api=1&query=Magic's%20Pizza%20Yakima%20WA"
,108,"Main Stop on the Ave","Restaurant",88,"","","","https://www.google.com/maps/search/?api=1&query=Main%20Stop%20on%20the%20Ave%20Yakima%20WA"
,109,"Major's","Restaurant",88,"","","","https://www.google.com/maps/search/?api=1&query=Major's%20Yakima%20WA"
,110,"McGuire's Irish Restaurant And Pub","Restaurant",88,"","","","https://www.google.com/maps/search/?api=1&query=McGuire's%20Irish%20Restaurant%20And%20Pub%20Yakima%20WA"
,111,"Mel's Diner","Restaurant",88,"","","","https://www.google.com/maps/search/?api=1&query=Mel's%20Diner%20Yakima%20WA"
,112,"Mercedes & Family","Restaurant",88,"","","","https://www.google.com/maps/search/?api=1&query=Mercedes%20%26%20Family%20Yakima%20WA"
,113,"Minado Buffet","Restaurant",88,"","","","https://www.google.com/maps/search/?api=1&query=Minado%20Buffet%20Yakima%20WA"
,114,"Mongolian Grill","Restaurant",88,"","","","https://www.google.com/maps/search/?api=1&query=Mongolian%20Grill%20Yakima%20WA"
,115,"Museum Soda Fountain","Restaurant",88,"","","","https://www.google.com/maps/search/?api=1&query=Museum%20Soda%20Fountain%20Yakima%20WA"
,116,"New York Teriyaki","Restaurant",88,"723 North Park Central, Selah","","","https://www.google.com/maps/search/?api=1&query=New%20York%20Teriyaki%20Yakima%20WA"
,117,"New York Teriyaki & Burger","Restaurant",88,"","","","https://www.google.com/maps/search/?api=1&query=New%20York%20Teriyaki%20%26%20Burger%20Yakima%20WA"
,118,"New York Teriyaki & Burger House","Restaurant",88,"","","","https://www.google.com/maps/search/?api=1&query=New%20York%20Teriyaki%20%26%20Burger%20House%20Yakima%20WA"
,119,"New York Teriyaki & Burgers","Restaurant",88,"","","","https://www.google.com/maps/search/?api=1&query=New%20York%20Teriyaki%20%26%20Burgers%20Yakima%20WA"
,120,"Nino's Mexican Grill","Restaurant",88,"","","","https://www.google.com/maps/search/?api=1&query=Nino's%20Mexican%20Grill%20Yakima%20WA"
,121,"Norm's of Yakima","Restaurant",88,"","","","https://www.google.com/maps/search/?api=1&query=Norm's%20of%20Yakima%20Yakima%20WA"
,122,"Old Town Station","Restaurant",88,"","","","https://www.google.com/maps/search/?api=1&query=Old%20Town%20Station%20Yakima%20WA"
,123,"Outback Steakhouse","Restaurant",88,"","","","https://www.google.com/maps/search/?api=1&query=Outback%20Steakhouse%20Yakima%20WA"
,124,"Peppermint Stick","Restaurant",88,"","","","https://www.google.com/maps/search/?api=1&query=Peppermint%20Stick%20Yakima%20WA"
,125,"Pop's Chicken Pollos Asados Al Carbón","Restaurant",88,"","","","https://www.google.com/maps/search/?api=1&query=Pop's%20Chicken%20Pollos%20Asados%20Al%20Carb%C3%B3n%20Yakima%20WA"
,126,"Puerto Escondido","Restaurant",88,"","","","https://www.google.com/maps/search/?api=1&query=Puerto%20Escondido%20Yakima%20WA"
,127,"Red Lobster","Restaurant",88,"","","","https://www.google.com/maps/search/?api=1&query=Red%20Lobster%20Yakima%20WA"
,128,"Ruben's Tortillería","Restaurant",88,"","","","https://www.google.com/maps/search/?api=1&query=Ruben's%20Tortiller%C3%ADa%20Yakima%20WA"
,129,"Second Street Grill","Restaurant",88,"Second Street","","","https://www.google.com/maps/search/?api=1&query=Second%20Street%20Grill%20Yakima%20WA"
,130,"Subshop of Yakima","Restaurant",88,"","","","https://www.google.com/maps/search/?api=1&query=Subshop%20of%20Yakima%20Yakima%20WA"
,131,"Sumo Japanese Steakhouse","Restaurant",88,"","","","https://www.google.com/maps/search/?api=1&query=Sumo%20Japanese%20Steakhouse%20Yakima%20WA"
,132,"T & T Lounge","Restaurant",88,"307 South 1st Street, Selah","","","https://www.google.com/maps/search/?api=1&query=T%20%26%20T%20Lounge%20Yakima%20WA"
,133,"Tacos El Rey","Restaurant",88,"","","","https://www.google.com/maps/search/?api=1&query=Tacos%20El%20Rey%20Yakima%20WA"
,134,"Taj Palace","Restaurant",88,"","","","https://www.google.com/maps/search/?api=1&query=Taj%20Palace%20Yakima%20WA"
,135,"Tammy's Autentica Comida Mexicana","Restaurant",88,"","","","https://www.google.com/maps/search/?api=1&query=Tammy's%20Autentica%20Comida%20Mexicana%20Yakima%20WA"
,136,"Taqeria el Rinconsito","Restaurant",88,"1101 South 3rd Avenue, Yakima","","","https://www.google.com/maps/search/?api=1&query=Taqeria%20el%20Rinconsito%20Yakima%20WA"
,137,"Taqueria Los Primos","Restaurant",88,"","","","https://www.google.com/maps/search/?api=1&query=Taqueria%20Los%20Primos%20Yakima%20WA"
,138,"Taqueria Los Primos #2","Restaurant",88,"","","","https://www.google.com/maps/search/?api=1&query=Taqueria%20Los%20Primos%20%232%20Yakima%20WA"
,139,"Taqueria Rolly's","Restaurant",88,"","","","https://www.google.com/maps/search/?api=1&query=Taqueria%20Rolly's%20Yakima%20WA"
,140,"Tasty Wok","Restaurant",88,"","","","https://www.google.com/maps/search/?api=1&query=Tasty%20Wok%20Yakima%20WA"
,141,"Teppanyaki Box","Restaurant",88,"502 North 1st Street, Selah","","","https://www.google.com/maps/search/?api=1&query=Teppanyaki%20Box%20Yakima%20WA"
,142,"Texas Roadhouse","Restaurant",88,"","","","https://www.google.com/maps/search/?api=1&query=Texas%20Roadhouse%20Yakima%20WA"
,143,"Thai House","Restaurant",88,"","","","https://www.google.com/maps/search/?api=1&query=Thai%20House%20Yakima%20WA"
,144,"The Ice House","Restaurant",88,"","","","https://www.google.com/maps/search/?api=1&query=The%20Ice%20House%20Yakima%20WA"
,145,"The Powerhouse Grill","Restaurant",88,"3807 River Road, Yakima","","","https://www.google.com/maps/search/?api=1&query=The%20Powerhouse%20Grill%20Yakima%20WA"
,146,"Tonny's Pizza","Restaurant",88,"","","","https://www.google.com/maps/search/?api=1&query=Tonny's%20Pizza%20Yakima%20WA"
,147,"Valle Dorado","Restaurant",88,"1702 East Yakima Avenue, Yakima","","","https://www.google.com/maps/search/?api=1&query=Valle%20Dorado%20Yakima%20WA"
,148,"Valley Italian Pizza & Pasta","Restaurant",88,"","","","https://www.google.com/maps/search/?api=1&query=Valley%20Italian%20Pizza%20%26%20Pasta%20Yakima%20WA"
,149,"Waffles Cafe","Restaurant",88,"7200 West Nob Hill Boulevard, Yakima","","","https://www.google.com/maps/search/?api=1&query=Waffles%20Cafe%20Yakima%20WA"
,150,"Westside Pizza","Restaurant",88,"","","","https://www.google.com/maps/search/?api=1&query=Westside%20Pizza%20Yakima%20WA"
,151,"Why Not My Thai Kitchen","Restaurant",88,"","","","https://www.google.com/maps/search/?api=1&query=Why%20Not%20My%20Thai%20Kitchen%20Yakima%20WA"
,152,"World Bistro","Restaurant",88,"","","","https://www.google.com/maps/search/?api=1&query=World%20Bistro%20Yakima%20WA"
,153,"Yoyakima","Restaurant",88,"","","","https://www.google.com/maps/search/?api=1&query=Yoyakima%20Yakima%20WA"
,154,"Zach's Zzas Pizza","Restaurant",88,"","","","https://www.google.com/maps/search/?api=1&query=Zach's%20Zzas%20Pizza%20Yakima%20WA"
,155,"Zesta Cucina","Restaurant",88,"","","","https://www.google.com/maps/search/?api=1&query=Zesta%20Cucina%20Yakima%20WA"
,156,"Zullee Mediterranean Grill","Restaurant",88,"","","","https://www.google.com/maps/search/?api=1&query=Zullee%20Mediterranean%20Grill%20Yakima%20WA"
,157,"Locs 'N' Braids","Salon / Spa / Barber",85,"3409 West Nob Hill Boulevard, Yakima","+1-360-916-1737","www.locsnbraids.net/","https://www.google.com/maps/search/?api=1&query=Locs%20'N'%20Braids%20Yakima%20WA"
,158,"Superior Barbershop & Shave Parlor","Salon / Spa / Barber",85,"207 South 6th Avenue, Yakima","+1-509-571-1012","","https://www.google.com/maps/search/?api=1&query=Superior%20Barbershop%20%26%20Shave%20Parlor%20Yakima%20WA"
,159,"A+ Nails","Salon / Spa / Barber",85,"","","","https://www.google.com/maps/search/?api=1&query=A%2B%20Nails%20Yakima%20WA"
,160,"Ace Of Fades","Salon / Spa / Barber",85,"304 South 1st Street, Selah","","","https://www.google.com/maps/search/?api=1&query=Ace%20Of%20Fades%20Yakima%20WA"
,161,"All About You Skincare","Salon / Spa / Barber",85,"","","","https://www.google.com/maps/search/?api=1&query=All%20About%20You%20Skincare%20Yakima%20WA"
,162,"Ambitious Barbershop","Salon / Spa / Barber",85,"810 West Nob Hill Boulevard, Yakima","","","https://www.google.com/maps/search/?api=1&query=Ambitious%20Barbershop%20Yakima%20WA"
,163,"Barberville","Salon / Spa / Barber",85,"","","","https://www.google.com/maps/search/?api=1&query=Barberville%20Yakima%20WA"
,164,"Capello Salon","Salon / Spa / Barber",85,"","","","https://www.google.com/maps/search/?api=1&query=Capello%20Salon%20Yakima%20WA"
,165,"Diamond Kutz","Salon / Spa / Barber",85,"","","","https://www.google.com/maps/search/?api=1&query=Diamond%20Kutz%20Yakima%20WA"
,166,"Esme Salon","Salon / Spa / Barber",85,"","","","https://www.google.com/maps/search/?api=1&query=Esme%20Salon%20Yakima%20WA"
,167,"Estética Unisex","Salon / Spa / Barber",85,"","","","https://www.google.com/maps/search/?api=1&query=Est%C3%A9tica%20Unisex%20Yakima%20WA"
,168,"Fancy Nails","Salon / Spa / Barber",85,"","","","https://www.google.com/maps/search/?api=1&query=Fancy%20Nails%20Yakima%20WA"
,169,"Fischer's Hair Forever","Salon / Spa / Barber",85,"","","","https://www.google.com/maps/search/?api=1&query=Fischer's%20Hair%20Forever%20Yakima%20WA"
,170,"Fox-N-Hound Hair Salon","Salon / Spa / Barber",85,"","","","https://www.google.com/maps/search/?api=1&query=Fox-N-Hound%20Hair%20Salon%20Yakima%20WA"
,171,"Glam Hair Studio","Salon / Spa / Barber",85,"","","","https://www.google.com/maps/search/?api=1&query=Glam%20Hair%20Studio%20Yakima%20WA"
,172,"Gold Cuts & More","Salon / Spa / Barber",85,"","","","https://www.google.com/maps/search/?api=1&query=Gold%20Cuts%20%26%20More%20Yakima%20WA"
,173,"Green Spa","Salon / Spa / Barber",85,"","","","https://www.google.com/maps/search/?api=1&query=Green%20Spa%20Yakima%20WA"
,174,"HairMasters","Salon / Spa / Barber",85,"","","","https://www.google.com/maps/search/?api=1&query=HairMasters%20Yakima%20WA"
,175,"Happy Feet","Salon / Spa / Barber",85,"","","","https://www.google.com/maps/search/?api=1&query=Happy%20Feet%20Yakima%20WA"
,176,"Happy Nails","Salon / Spa / Barber",85,"","","","https://www.google.com/maps/search/?api=1&query=Happy%20Nails%20Yakima%20WA"
,177,"HeatWaves Salon","Salon / Spa / Barber",85,"","","","https://www.google.com/maps/search/?api=1&query=HeatWaves%20Salon%20Yakima%20WA"
,178,"Jasmine Beauty Salon","Salon / Spa / Barber",85,"","","","https://www.google.com/maps/search/?api=1&query=Jasmine%20Beauty%20Salon%20Yakima%20WA"
,179,"Jay Day Nails","Salon / Spa / Barber",85,"","","","https://www.google.com/maps/search/?api=1&query=Jay%20Day%20Nails%20Yakima%20WA"
,180,"K Nails","Salon / Spa / Barber",85,"","","","https://www.google.com/maps/search/?api=1&query=K%20Nails%20Yakima%20WA"
,181,"Kalon Aesthetics","Salon / Spa / Barber",85,"506 S. 1st street, Selah","","","https://www.google.com/maps/search/?api=1&query=Kalon%20Aesthetics%20Yakima%20WA"
,182,"L & I Hair Salon","Salon / Spa / Barber",85,"","","","https://www.google.com/maps/search/?api=1&query=L%20%26%20I%20Hair%20Salon%20Yakima%20WA"
,183,"La Doncella","Salon / Spa / Barber",85,"","","","https://www.google.com/maps/search/?api=1&query=La%20Doncella%20Yakima%20WA"
,184,"La Nuevo Imagen","Salon / Spa / Barber",85,"","","","https://www.google.com/maps/search/?api=1&query=La%20Nuevo%20Imagen%20Yakima%20WA"
,185,"Lee Nails","Salon / Spa / Barber",85,"","","","https://www.google.com/maps/search/?api=1&query=Lee%20Nails%20Yakima%20WA"
,186,"Lotus Nails","Salon / Spa / Barber",85,"","","","https://www.google.com/maps/search/?api=1&query=Lotus%20Nails%20Yakima%20WA"
,187,"Lucky Nails","Salon / Spa / Barber",85,"","","","https://www.google.com/maps/search/?api=1&query=Lucky%20Nails%20Yakima%20WA"
,188,"Luxurious Beauty Studio","Salon / Spa / Barber",85,"","","","https://www.google.com/maps/search/?api=1&query=Luxurious%20Beauty%20Studio%20Yakima%20WA"
,189,"Next Cut","Salon / Spa / Barber",85,"","","","https://www.google.com/maps/search/?api=1&query=Next%20Cut%20Yakima%20WA"
,190,"Premier Beauty Academy","Salon / Spa / Barber",85,"","","","https://www.google.com/maps/search/?api=1&query=Premier%20Beauty%20Academy%20Yakima%20WA"
,191,"Regular Cuts Barber Shop","Salon / Spa / Barber",85,"719 West Nob Hill Boulevard, Yakima","","","https://www.google.com/maps/search/?api=1&query=Regular%20Cuts%20Barber%20Shop%20Yakima%20WA"
,192,"Saint's Barbershop","Salon / Spa / Barber",85,"","","","https://www.google.com/maps/search/?api=1&query=Saint's%20Barbershop%20Yakima%20WA"
,193,"Salon Madrid","Salon / Spa / Barber",85,"","","","https://www.google.com/maps/search/?api=1&query=Salon%20Madrid%20Yakima%20WA"
,194,"Salon Nouveau","Salon / Spa / Barber",85,"","","","https://www.google.com/maps/search/?api=1&query=Salon%20Nouveau%20Yakima%20WA"
,195,"Shakira's Vanity","Salon / Spa / Barber",85,"","","","https://www.google.com/maps/search/?api=1&query=Shakira's%20Vanity%20Yakima%20WA"
,196,"Shakira's Vanity, Cosmetics, and More","Salon / Spa / Barber",85,"","","","https://www.google.com/maps/search/?api=1&query=Shakira's%20Vanity%2C%20Cosmetics%2C%20and%20More%20Yakima%20WA"
,197,"The Hair Cafe","Salon / Spa / Barber",85,"","","","https://www.google.com/maps/search/?api=1&query=The%20Hair%20Cafe%20Yakima%20WA"
,198,"West Valley Nails","Salon / Spa / Barber",85,"","","","https://www.google.com/maps/search/?api=1&query=West%20Valley%20Nails%20Yakima%20WA"
,199,"Westend Salon","Salon / Spa / Barber",85,"120 South 72nd Avenue, Yakima","","","https://www.google.com/maps/search/?api=1&query=Westend%20Salon%20Yakima%20WA"
,200,"Anytime Fitness","Fitness",80,"5611 Summitview Avenue, Yakima","+1-509-965-0900","www.anytimefitness.com/gyms/1057/yakima-wa-98908/","https://www.google.com/maps/search/?api=1&query=Anytime%20Fitness%20Yakima%20WA"
,201,"Fully Charged Fitness","Fitness",80,"117 East Naches Avenue, Selah","+1-509-697-4300","","https://www.google.com/maps/search/?api=1&query=Fully%20Charged%20Fitness%20Yakima%20WA"
,202,"Achieve Health & Fitness","Fitness",80,"","","","https://www.google.com/maps/search/?api=1&query=Achieve%20Health%20%26%20Fitness%20Yakima%20WA"
,203,"Conquer Athletics","Fitness",80,"3008 Main Street, Union Gap","","","https://www.google.com/maps/search/?api=1&query=Conquer%20Athletics%20Yakima%20WA"
,204,"Double-Down Crossfit","Fitness",80,"","","","https://www.google.com/maps/search/?api=1&query=Double-Down%20Crossfit%20Yakima%20WA"
,205,"Selah GymKids","Fitness",80,"","","","https://www.google.com/maps/search/?api=1&query=Selah%20GymKids%20Yakima%20WA"
,206,"Starcycle","Fitness",80,"","","","https://www.google.com/maps/search/?api=1&query=Starcycle%20Yakima%20WA"
,207,"Volution Fitness","Fitness",80,"","","","https://www.google.com/maps/search/?api=1&query=Volution%20Fitness%20Yakima%20WA"
,208,"Volution Total Body Bootcamp","Fitness",80,"","","","https://www.google.com/maps/search/?api=1&query=Volution%20Total%20Body%20Bootcamp%20Yakima%20WA"
,209,"Yakima Athletic Club","Fitness",80,"2501 Racquet Lane, Yakima","","","https://www.google.com/maps/search/?api=1&query=Yakima%20Athletic%20Club%20Yakima%20WA"
,210,"YTC MWR Blanchard Fitness Center","Fitness",80,"Firing Center, Yakima","","","https://www.google.com/maps/search/?api=1&query=YTC%20MWR%20Blanchard%20Fitness%20Center%20Yakima%20WA"
,211,"Hop Nation Brewing Company","Bar / Pub",75,"","+1-509-367-6552","www.hopnation.us","https://www.google.com/maps/search/?api=1&query=Hop%20Nation%20Brewing%20Company%20Yakima%20WA"
,212,"Public House of Yakima - East","Bar / Pub",75,"","","publichouseofyakima.com/","https://www.google.com/maps/search/?api=1&query=Public%20House%20of%20Yakima%20-%20East%20Yakima%20WA"
,213,"The Dutch","Bar / Pub",75,"214 North 6th Avenue, Yakima","+1-509-452-7960","","https://www.google.com/maps/search/?api=1&query=The%20Dutch%20Yakima%20WA"
,214,"Aquas Tequilas","Bar / Pub",75,"","","","https://www.google.com/maps/search/?api=1&query=Aquas%20Tequilas%20Yakima%20WA"
,215,"Avenida Cantina","Bar / Pub",75,"","","","https://www.google.com/maps/search/?api=1&query=Avenida%20Cantina%20Yakima%20WA"
,216,"Bill's Place","Bar / Pub",75,"","","","https://www.google.com/maps/search/?api=1&query=Bill's%20Place%20Yakima%20WA"
,217,"Curly's Gleed Tavern","Bar / Pub",75,"","","","https://www.google.com/maps/search/?api=1&query=Curly's%20Gleed%20Tavern%20Yakima%20WA"
,218,"Game & Grog","Bar / Pub",75,"","","","https://www.google.com/maps/search/?api=1&query=Game%20%26%20Grog%20Yakima%20WA"
,219,"Jackson's Sports Bar","Bar / Pub",75,"","","","https://www.google.com/maps/search/?api=1&query=Jackson's%20Sports%20Bar%20Yakima%20WA"
,220,"Pomona Tavern","Bar / Pub",75,"1010 SR 821, Yakima","","","https://www.google.com/maps/search/?api=1&query=Pomona%20Tavern%20Yakima%20WA"
,221,"Public House of Yakima","Bar / Pub",75,"","","","https://www.google.com/maps/search/?api=1&query=Public%20House%20of%20Yakima%20Yakima%20WA"
,222,"Red Rooster Bar and Grille","Bar / Pub",75,"","","","https://www.google.com/maps/search/?api=1&query=Red%20Rooster%20Bar%20and%20Grille%20Yakima%20WA"
,223,"Tailgaters Bar & Grill","Bar / Pub",75,"110 East 3rd Avenue, Selah","","","https://www.google.com/maps/search/?api=1&query=Tailgaters%20Bar%20%26%20Grill%20Yakima%20WA"
,224,"The Sports Center","Bar / Pub",75,"","","","https://www.google.com/maps/search/?api=1&query=The%20Sports%20Center%20Yakima%20WA"
,225,"Wenas Creek Saloon","Bar / Pub",75,"","","","https://www.google.com/maps/search/?api=1&query=Wenas%20Creek%20Saloon%20Yakima%20WA"
,226,"West Valley Bar & Grill","Bar / Pub",75,"","","","https://www.google.com/maps/search/?api=1&query=West%20Valley%20Bar%20%26%20Grill%20Yakima%20WA"
,227,"Xochimilco Tequila Bar & Restaurant","Bar / Pub",75,"","","","https://www.google.com/maps/search/?api=1&query=Xochimilco%20Tequila%20Bar%20%26%20Restaurant%20Yakima%20WA"
,228,"Yakima Valley Vintners","Bar / Pub",75,"","","","https://www.google.com/maps/search/?api=1&query=Yakima%20Valley%20Vintners%20Yakima%20WA"
,229,"Arellano's Boutique","Retail / Boutique",72,"","","","https://www.google.com/maps/search/?api=1&query=Arellano's%20Boutique%20Yakima%20WA"
,230,"Boot Barn","Retail / Boutique",72,"","","","https://www.google.com/maps/search/?api=1&query=Boot%20Barn%20Yakima%20WA"
,231,"Callabero","Retail / Boutique",72,"","","","https://www.google.com/maps/search/?api=1&query=Callabero%20Yakima%20WA"
,232,"Carmelita's Joyería Boutique","Retail / Boutique",72,"","","","https://www.google.com/maps/search/?api=1&query=Carmelita's%20Joyer%C3%ADa%20Boutique%20Yakima%20WA"
,233,"Carter's","Retail / Boutique",72,"","","","https://www.google.com/maps/search/?api=1&query=Carter's%20Yakima%20WA"
,234,"El Vaquero","Retail / Boutique",72,"","","","https://www.google.com/maps/search/?api=1&query=El%20Vaquero%20Yakima%20WA"
,235,"Fiddlesticks","Retail / Boutique",72,"1601 Summitview Avenue, Yakima","","","https://www.google.com/maps/search/?api=1&query=Fiddlesticks%20Yakima%20WA"
,236,"Inklings Bookshop","Retail / Boutique",72,"","","","https://www.google.com/maps/search/?api=1&query=Inklings%20Bookshop%20Yakima%20WA"
,237,"Lady Godiva's Consignment Boutique","Retail / Boutique",72,"","","","https://www.google.com/maps/search/?api=1&query=Lady%20Godiva's%20Consignment%20Boutique%20Yakima%20WA"
,238,"Marts Boutique","Retail / Boutique",72,"","","","https://www.google.com/maps/search/?api=1&query=Marts%20Boutique%20Yakima%20WA"
,239,"Maurices","Retail / Boutique",72,"","","","https://www.google.com/maps/search/?api=1&query=Maurices%20Yakima%20WA"
,240,"Novedades Juanita","Retail / Boutique",72,"","","","https://www.google.com/maps/search/?api=1&query=Novedades%20Juanita%20Yakima%20WA"
,241,"Old Navy","Retail / Boutique",72,"","","","https://www.google.com/maps/search/?api=1&query=Old%20Navy%20Yakima%20WA"
,242,"Pricilla's Chic Boutique","Retail / Boutique",72,"","","","https://www.google.com/maps/search/?api=1&query=Pricilla's%20Chic%20Boutique%20Yakima%20WA"
,243,"Ron's","Retail / Boutique",72,"","","","https://www.google.com/maps/search/?api=1&query=Ron's%20Yakima%20WA"
,244,"rue21","Retail / Boutique",72,"","","","https://www.google.com/maps/search/?api=1&query=rue21%20Yakima%20WA"
,245,"Sprout Again Children's Consignment","Retail / Boutique",72,"","","","https://www.google.com/maps/search/?api=1&query=Sprout%20Again%20Children's%20Consignment%20Yakima%20WA"
,246,"The Avenue Plus","Retail / Boutique",72,"","","","https://www.google.com/maps/search/?api=1&query=The%20Avenue%20Plus%20Yakima%20WA"
,247,"Torrid","Retail / Boutique",72,"","","","https://www.google.com/maps/search/?api=1&query=Torrid%20Yakima%20WA"
,248,"TreeTop Store and Visitor Center","Retail / Boutique",72,"220 East 2nd Avenue, Selah","","","https://www.google.com/maps/search/?api=1&query=TreeTop%20Store%20and%20Visitor%20Center%20Yakima%20WA"
,249,"Victoria Novedades","Retail / Boutique",72,"","","","https://www.google.com/maps/search/?api=1&query=Victoria%20Novedades%20Yakima%20WA"
,250,"Petco","Pet",62,"1201 East Washington Avenue, Union Gap","+1-509-457-1043","stores.petco.com/wa/uniongap/pet-supplies-uniongap-wa-1223.html","https://www.google.com/maps/search/?api=1&query=Petco%20Yakima%20WA"
,251,"PetSmart","Pet",62,"1403 East Washington Avenue, Union Gap","+1-509-469-9933","www.petsmart.com/stores/us/wa/union-gap-store0396.html","https://www.google.com/maps/search/?api=1&query=PetSmart%20Yakima%20WA"
,252,"Drewbie's Doghouse","Pet",62,"","","","https://www.google.com/maps/search/?api=1&query=Drewbie's%20Doghouse%20Yakima%20WA"
,253,"Pro-Clean Auto Detail Systems","Car Wash",55,"","+1-509-454-9299","","https://www.google.com/maps/search/?api=1&query=Pro-Clean%20Auto%20Detail%20Systems%20Yakima%20WA"
,254,"Artesian Car Wash","Car Wash",55,"207 South 6th Avenue, Yakima","","","https://www.google.com/maps/search/?api=1&query=Artesian%20Car%20Wash%20Yakima%20WA"
,255,"Auto Spa","Car Wash",55,"","","","https://www.google.com/maps/search/?api=1&query=Auto%20Spa%20Yakima%20WA"
,256,"Auto Spa Car Wash","Car Wash",55,"","","","https://www.google.com/maps/search/?api=1&query=Auto%20Spa%20Car%20Wash%20Yakima%20WA"
,257,"AutoSpa Central Washington","Car Wash",55,"3716 Tieton Drive, Yakima","","","https://www.google.com/maps/search/?api=1&query=AutoSpa%20Central%20Washington%20Yakima%20WA"
,258,"Classic Auto Wash","Car Wash",55,"","","","https://www.google.com/maps/search/?api=1&query=Classic%20Auto%20Wash%20Yakima%20WA"
,259,"Quick Quack Car Wash","Car Wash",55,"","","","https://www.google.com/maps/search/?api=1&query=Quick%20Quack%20Car%20Wash%20Yakima%20WA"
,260,"Spanky's Auto Wash","Car Wash",55,"","","","https://www.google.com/maps/search/?api=1&query=Spanky's%20Auto%20Wash%20Yakima%20WA"
,261,"Splash Express","Car Wash",55,"","","","https://www.google.com/maps/search/?api=1&query=Splash%20Express%20Yakima%20WA"